{
    "leather": -0.01583739728490459,
    "coffee": -0.012073992516358378,
    "tobacco": -0.0026673746858490444,
    "licorice": -0.022108748408346174,
    "mint": -0.07892163205601165,
    "herbal tea": 0.0,
    "clove": 0.047276560430217676,
    "pepper": -0.016669133979439227,
    "cinnamon": -0.07450738011612185,
    "brown sugar": 0.0,
    "chocolate": -0.07399295774737899,
    "baked goods": 0.0,
    "butterscotch": 0.026367251715788673,
    "honey": -0.06355281330734913,
    "toffee": 0.015701743707263877,
    "caramel": -0.10161702149776675,
    "vanilla": -0.0688242259360965,
    "maple syrup": 0.0,
    "orange": 0.006993485840053021,
    "lemon": -0.008149721867300341,
    "coconut": 0.035858704728289365,
    "cherry": -0.06585543498330793,
    "blueberry": -0.006219816359182716,
    "raspberry": 0.015079040884892146,
    "blackberry": 0.044869544758974214,
    "peach": 0.02221688873156378,
    "apple": 0.019354835205575183,
    "apricot": 0.020305804743469144,
    "prune": 0.0,
    "raisin": 0.009976708702006398,
    "fig": 0.02068088050370489,
    "jam": 0.0623986737362671,
    "fruit": 0.15771304779185918,
    "rose": 0.017256435495101467,
    "potpurri": 0.0,
    "oak": 0.0007395935878308224,
    "pine": 0.02362486363203856,
    "cedar": -0.012053565087705852,
    "almond": 0.02675257793853308,
    "walnut": -0.026257515081974128,
    "pecan": -0.012944479139455954,
    "nutmeg": 0.011999571996195474
}