{
    "leather": 0.007612316107487291,
    "coffee": -0.005299630869667393,
    "tobacco": -0.05842558208553637,
    "licorice": 0.04068437300905872,
    "mint": 0.211594261638621,
    "herbal tea": 0.0,
    "clove": 0.027995684974251048,
    "pepper": 0.08624905257605842,
    "cinnamon": 0.05186051983176765,
    "brown sugar": 0.0,
    "chocolate": 0.09797160713016143,
    "baked goods": 0.0,
    "butterscotch": 0.07951993540521025,
    "honey": -0.08283368876331576,
    "toffee": -0.03328210204573247,
    "caramel": -0.017719158027209136,
    "vanilla": 0.012207561453168703,
    "maple syrup": 0.0,
    "orange": 0.11329885321889618,
    "lemon": 0.015039439154064957,
    "coconut": -0.01677287421907905,
    "cherry": 0.04044993239553524,
    "blueberry": 0.003681173739827185,
    "raspberry": 0.038268201906257446,
    "blackberry": -0.007762034188394205,
    "peach": -0.03041469021580464,
    "apple": -0.06584579012011527,
    "apricot": -0.0026228039068695724,
    "prune": 0.0,
    "raisin": 0.01336388952535189,
    "fig": 0.004266081129030583,
    "jam": 0.0032532855132342726,
    "fruit": 0.043591109282218765,
    "rose": 0.030544606417456863,
    "potpurri": 0.0,
    "oak": -0.06622236576599927,
    "pine": 0.0006962549816998433,
    "cedar": 0.027550395308333753,
    "almond": -0.015978010909825438,
    "walnut": 0.003445455215055574,
    "pecan": -0.012944479139455954,
    "nutmeg": 0.11465720618066655
}