{
    "bourbon_name": "Four Roses Single Barrel",
    "leather": 0.12871287128712872,
    "coffee": 0.0594059405940594,
    "tobacco": 0.04950495049504951,
    "licorice": 0.0891089108910891,
    "mint": 0.31683168316831684,
    "herbal tea": 0.0,
    "clove": 0.13861386138613863,
    "pepper": 0.2871287128712871,
    "cinnamon": 0.4158415841584158,
    "brown sugar": 0.0,
    "chocolate": 0.27722772277227725,
    "baked goods": 0.0,
    "butterscotch": 0.15841584158415842,
    "honey": 0.13861386138613863,
    "toffee": 0.10891089108910891,
    "caramel": 0.504950495049505,
    "vanilla": 0.6336633663366337,
    "maple syrup": 0.0,
    "orange": 0.31683168316831684,
    "lemon": 0.04950495049504951,
    "coconut": 0.0,
    "cherry": 0.31683168316831684,
    "blueberry": 0.009900990099009901,
    "raspberry": 0.04950495049504951,
    "blackberry": 0.0,
    "peach": 0.0,
    "apple": 0.09900990099009901,
    "apricot": 0.0297029702970297,
    "prune": 0.0,
    "raisin": 0.0297029702970297,
    "fig": 0.009900990099009901,
    "jam": 0.019801980198019802,
    "fruit": 0.3069306930693069,
    "rose": 0.039603960396039604,
    "potpurri": 0.0,
    "oak": 0.6435643564356436,
    "pine": 0.0297029702970297,
    "cedar": 0.039603960396039604,
    "almond": 0.009900990099009901,
    "walnut": 0.0297029702970297,
    "pecan": 0.0,
    "nutmeg": 0.2079207920792079
}