{
    "leather": -0.011008812060375364,
    "coffee": -0.0004853879774882608,
    "tobacco": 0.029684146318496696,
    "licorice": -0.011727290175608363,
    "mint": 0.05990019314920324,
    "herbal tea": 0.0,
    "clove": -0.07392092870546556,
    "pepper": 0.04682676172311995,
    "cinnamon": 0.030514348517388545,
    "brown sugar": 0.0,
    "chocolate": 0.0042301228899942755,
    "baked goods": 0.0,
    "butterscotch": -0.03302434654592064,
    "honey": -0.02878699969073878,
    "toffee": -0.013752626162364306,
    "caramel": -0.07312836867304434,
    "vanilla": 0.09414052539176443,
    "maple syrup": 0.0,
    "orange": -0.05674383912373257,
    "lemon": -0.006942575561168035,
    "coconut": -0.007598562292473545,
    "cherry": 0.017196230878594565,
    "blueberry": -0.006219816359182716,
    "raspberry": -0.011236748588792063,
    "blackberry": -0.007762034188394205,
    "peach": -0.03041469021580464,
    "apple": -0.03641532413773721,
    "apricot": -0.013977150350688264,
    "prune": 0.0,
    "raisin": -0.01633908077167781,
    "fig": -0.005634908969979318,
    "jam": -0.01654869468478553,
    "fruit": -0.07985334525497806,
    "rose": -0.009059353978582744,
    "potpurri": 0.0,
    "oak": -0.11345644697228507,
    "pine": -0.019832403388724353,
    "cedar": -0.0028792531611003466,
    "almond": 0.0016439347709811779,
    "walnut": -0.026257515081974128,
    "pecan": -0.0037701672128504487,
    "nutmeg": 0.06269971685375222
}