{
    "bourbon_name": "Buffalo Trace",
    "leather": 0.1111111111111111,
    "coffee": 0.06481481481481481,
    "tobacco": 0.1388888888888889,
    "licorice": 0.037037037037037035,
    "mint": 0.16666666666666666,
    "herbal tea": 0.0,
    "clove": 0.037037037037037035,
    "pepper": 0.24074074074074073,
    "cinnamon": 0.3888888888888889,
    "brown sugar": 0.0,
    "chocolate": 0.17592592592592593,
    "baked goods": 0.0,
    "butterscotch": 0.046296296296296294,
    "honey": 0.18518518518518517,
    "toffee": 0.12962962962962962,
    "caramel": 0.4537037037037037,
    "vanilla": 0.7129629629629629,
    "maple syrup": 0.0,
    "orange": 0.14814814814814814,
    "lemon": 0.027777777777777776,
    "coconut": 0.009259259259259259,
    "cherry": 0.2962962962962963,
    "blueberry": 0.0,
    "raspberry": 0.0,
    "blackberry": 0.0,
    "peach": 0.0,
    "apple": 0.12962962962962962,
    "apricot": 0.018518518518518517,
    "prune": 0.0,
    "raisin": 0.0,
    "fig": 0.0,
    "jam": 0.0,
    "fruit": 0.18518518518518517,
    "rose": 0.0,
    "potpurri": 0.0,
    "oak": 0.5925925925925926,
    "pine": 0.009259259259259259,
    "cedar": 0.009259259259259259,
    "almond": 0.027777777777777776,
    "walnut": 0.0,
    "pecan": 0.009259259259259259,
    "nutmeg": 0.14814814814814814
}