{
    "bourbon_name": "Buffalo Trace",
    "leather": 0.11009174311926606,
    "coffee": 0.06422018348623854,
    "tobacco": 0.13761467889908258,
    "licorice": 0.03669724770642202,
    "mint": 0.1651376146788991,
    "herbal tea": 0.0,
    "clove": 0.03669724770642202,
    "pepper": 0.24770642201834864,
    "cinnamon": 0.3944954128440367,
    "brown sugar": 0.0,
    "chocolate": 0.1834862385321101,
    "baked goods": 0.0,
    "butterscotch": 0.045871559633027525,
    "honey": 0.1926605504587156,
    "toffee": 0.12844036697247707,
    "caramel": 0.44954128440366975,
    "vanilla": 0.7155963302752294,
    "maple syrup": 0.0,
    "orange": 0.14678899082568808,
    "lemon": 0.027522935779816515,
    "coconut": 0.009174311926605505,
    "cherry": 0.29357798165137616,
    "blueberry": 0.0,
    "raspberry": 0.0,
    "blackberry": 0.0,
    "peach": 0.0,
    "apple": 0.12844036697247707,
    "apricot": 0.01834862385321101,
    "prune": 0.0,
    "raisin": 0.0,
    "fig": 0.0,
    "jam": 0.0,
    "fruit": 0.1834862385321101,
    "rose": 0.0,
    "potpurri": 0.0,
    "oak": 0.5963302752293578,
    "pine": 0.009174311926605505,
    "cedar": 0.009174311926605505,
    "almond": 0.027522935779816515,
    "walnut": 0.0,
    "pecan": 0.009174311926605505,
    "nutmeg": 0.1559633027522936
}