{
    "leather": 0.007594351914504205,
    "coffee": -0.010784261910621132,
    "tobacco": 0.03756713345879124,
    "licorice": -0.008070756313671731,
    "mint": -0.01753957025494931,
    "herbal tea": 0.0,
    "clove": -0.018436362735314595,
    "pepper": -0.03347994338253812,
    "cinnamon": -0.005107955165552476,
    "brown sugar": 0.0,
    "chocolate": -0.02987601927368597,
    "baked goods": 0.0,
    "butterscotch": -0.01314931769649136,
    "honey": 0.018647630530646487,
    "toffee": 0.004078945588637546,
    "caramel": -0.03155605329056346,
    "vanilla": -0.07579818970279972,
    "maple syrup": 0.0,
    "orange": -0.006144360547125666,
    "lemon": -0.0057442518901640914,
    "coconut": -0.002795479036513175,
    "cherry": -0.046063625128796935,
    "blueberry": -0.001036636059863786,
    "raspberry": -0.0018727914314653439,
    "blackberry": -0.0012936723647323674,
    "peach": 0.022708662741810336,
    "apple": 0.00030182925940872946,
    "apricot": -0.005387629033983213,
    "prune": 0.0,
    "raisin": -0.0027231801286129683,
    "fig": -0.000939151494996553,
    "jam": -0.0027581157807975883,
    "fruit": -0.04388993063118136,
    "rose": -0.0015098923297637906,
    "potpurri": 0.0,
    "oak": 0.020591101855281752,
    "pine": -0.004834452552554976,
    "cedar": -0.002008927514617642,
    "almond": -0.00431316683480589,
    "walnut": 0.02340152526411542,
    "pecan": 0.02562036458786845,
    "nutmeg": 0.01223384679468755,
    "bourbon_name": "Jack Daniel's 10"
}