{
    "bourbon_name": "Jack Daniel's 10",
    "leather": 0.16666666666666666,
    "coffee": 0.0,
    "tobacco": 0.3333333333333333,
    "licorice": 0.0,
    "mint": 0.0,
    "herbal tea": 0.0,
    "clove": 0.0,
    "pepper": 0.0,
    "cinnamon": 0.3333333333333333,
    "brown sugar": 0.0,
    "chocolate": 0.0,
    "baked goods": 0.0,
    "butterscotch": 0.0,
    "honey": 0.3333333333333333,
    "toffee": 0.16666666666666666,
    "caramel": 0.3333333333333333,
    "vanilla": 0.16666666666666666,
    "maple syrup": 0.0,
    "orange": 0.16666666666666666,
    "lemon": 0.0,
    "coconut": 0.0,
    "cherry": 0.0,
    "blueberry": 0.0,
    "raspberry": 0.0,
    "blackberry": 0.0,
    "peach": 0.16666666666666666,
    "apple": 0.16666666666666666,
    "apricot": 0.0,
    "prune": 0.0,
    "raisin": 0.0,
    "fig": 0.0,
    "jam": 0.0,
    "fruit": 0.0,
    "rose": 0.0,
    "potpurri": 0.0,
    "oak": 0.8333333333333334,
    "pine": 0.0,
    "cedar": 0.0,
    "almond": 0.0,
    "walnut": 0.16666666666666666,
    "pecan": 0.16666666666666666,
    "nutmeg": 0.16666666666666666
}