{
    "leather": -0.04145453748052638,
    "coffee": 0.06803779136813162,
    "tobacco": -0.01058539983722305,
    "licorice": -0.030725422837782596,
    "mint": -0.060989633919076386,
    "herbal tea": 0.0,
    "clove": -0.075219946323392,
    "pepper": -0.015038952330626909,
    "cinnamon": 0.007700351602555389,
    "brown sugar": 0.0,
    "chocolate": 0.04198282241098153,
    "baked goods": 0.0,
    "butterscotch": 0.009599669042290773,
    "honey": 0.052888733036386304,
    "toffee": -0.05369741791360244,
    "caramel": -0.044793546882023805,
    "vanilla": 0.03341145175370319,
    "maple syrup": 0.0,
    "orange": 0.017706108103676704,
    "lemon": 0.009782276269634918,
    "coconut": 0.027474913391540418,
    "cherry": 0.11299878020066972,
    "blueberry": 0.0026297411629411776,
    "raspberry": -0.011236748588792063,
    "blackberry": -0.007762034188394205,
    "peach": -0.021565132693680746,
    "apple": 0.012135459332263593,
    "apricot": 0.0030724558845963007,
    "prune": 0.0,
    "raisin": -0.007489523249553917,
    "fig": -0.005634908969979318,
    "jam": -0.007699137162661636,
    "fruit": -0.00670241564549523,
    "rose": -0.009059353978582744,
    "potpurri": 0.0,
    "oak": 0.0778238972673837,
    "pine": 0.024090629817413504,
    "cedar": -0.003204007565581958,
    "almond": 0.009519229079660237,
    "walnut": -0.017407957559850234,
    "pecan": 0.013604193426915727,
    "nutmeg": -0.03131668324367411
}