{
    "bourbon_name": "Eagle Rare 10",
    "leather": 0.07964601769911504,
    "coffee": 0.13274336283185842,
    "tobacco": 0.09734513274336283,
    "licorice": 0.017699115044247787,
    "mint": 0.04424778761061947,
    "herbal tea": 0.0,
    "clove": 0.035398230088495575,
    "pepper": 0.18584070796460178,
    "cinnamon": 0.37168141592920356,
    "brown sugar": 0.0,
    "chocolate": 0.22123893805309736,
    "baked goods": 0.0,
    "butterscotch": 0.08849557522123894,
    "honey": 0.2743362831858407,
    "toffee": 0.08849557522123894,
    "caramel": 0.4778761061946903,
    "vanilla": 0.6548672566371682,
    "maple syrup": 0.0,
    "orange": 0.22123893805309736,
    "lemon": 0.04424778761061947,
    "coconut": 0.04424778761061947,
    "cherry": 0.3893805309734513,
    "blueberry": 0.008849557522123894,
    "raspberry": 0.0,
    "blackberry": 0.0,
    "peach": 0.008849557522123894,
    "apple": 0.17699115044247787,
    "apricot": 0.035398230088495575,
    "prune": 0.0,
    "raisin": 0.008849557522123894,
    "fig": 0.0,
    "jam": 0.008849557522123894,
    "fruit": 0.25663716814159293,
    "rose": 0.0,
    "potpurri": 0.0,
    "oak": 0.7876106194690266,
    "pine": 0.05309734513274336,
    "cedar": 0.008849557522123894,
    "almond": 0.035398230088495575,
    "walnut": 0.008849557522123894,
    "pecan": 0.02654867256637168,
    "nutmeg": 0.061946902654867256
}