{
    "leather": 0.004706618979464855,
    "coffee": -0.003405556392827726,
    "tobacco": 0.008169861166118748,
    "licorice": -0.002548659888527915,
    "mint": -0.005538811659457676,
    "herbal tea": 0.0,
    "clove": -0.0030519261823431136,
    "pepper": -0.005032447494762729,
    "cinnamon": -0.010846648814975943,
    "brown sugar": 0.0,
    "chocolate": 0.004415883110248751,
    "baked goods": 0.0,
    "butterscotch": 0.001387750090304667,
    "honey": -0.008885051115899262,
    "toffee": -0.0019436755389528706,
    "caramel": -0.010888430494342294,
    "vanilla": -0.016087701642066025,
    "maple syrup": 0.0,
    "orange": -0.00794217110537117,
    "lemon": 0.0009561088213886247,
    "coconut": -0.0008827828536357395,
    "cherry": -0.00900624173042341,
    "blueberry": -0.0003273587557464587,
    "raspberry": -0.0005914078204627401,
    "blackberry": -0.00040852811517864236,
    "peach": -0.0016007731692528758,
    "apple": -0.005906532219097151,
    "apricot": -0.0017013565370473302,
    "prune": 0.0,
    "raisin": -0.00085995161956199,
    "fig": -0.00029657415631470095,
    "jam": -0.0008709839307781857,
    "fruit": -0.011089894991564197,
    "rose": -0.0004768081041359339,
    "potpurri": 0.0,
    "oak": -0.0013461155729396505,
    "pine": -0.0015266692271226241,
    "cedar": -0.0006343981625108343,
    "almond": -0.001362052684675544,
    "walnut": -0.0013819744779986383,
    "pecan": -0.0006812883757608397,
    "nutmeg": -0.004908609784133756,
    "bourbon_name": "Elijah Craig Toasted Barrel"
}