{
    "bourbon_name": "Elijah Craig Toasted Barrel",
    "leather": 0.21052631578947367,
    "coffee": 0.0,
    "tobacco": 0.2631578947368421,
    "licorice": 0.0,
    "mint": 0.0,
    "herbal tea": 0.0,
    "clove": 0.05263157894736842,
    "pepper": 0.10526315789473684,
    "cinnamon": 0.15789473684210525,
    "brown sugar": 0.0,
    "chocolate": 0.2631578947368421,
    "baked goods": 0.0,
    "butterscotch": 0.10526315789473684,
    "honey": 0.05263157894736842,
    "toffee": 0.10526315789473684,
    "caramel": 0.3157894736842105,
    "vanilla": 0.3157894736842105,
    "maple syrup": 0.0,
    "orange": 0.05263157894736842,
    "lemon": 0.05263157894736842,
    "coconut": 0.0,
    "cherry": 0.10526315789473684,
    "blueberry": 0.0,
    "raspberry": 0.0,
    "blackberry": 0.0,
    "peach": 0.0,
    "apple": 0.05263157894736842,
    "apricot": 0.0,
    "prune": 0.0,
    "raisin": 0.0,
    "fig": 0.0,
    "jam": 0.0,
    "fruit": 0.05263157894736842,
    "rose": 0.0,
    "potpurri": 0.0,
    "oak": 0.6842105263157895,
    "pine": 0.0,
    "cedar": 0.0,
    "almond": 0.0,
    "walnut": 0.0,
    "pecan": 0.0,
    "nutmeg": 0.0
}