{
    "leather": 0.055370033055652704,
    "coffee": -0.04789884877465117,
    "tobacco": 0.026523248932019156,
    "licorice": -0.023214453848416937,
    "mint": 0.037619721327446995,
    "herbal tea": 0.0,
    "clove": -0.03498792431104725,
    "pepper": 0.07643126407451922,
    "cinnamon": 0.16543070037923419,
    "brown sugar": 0.0,
    "chocolate": -0.07001241816312423,
    "baked goods": 0.0,
    "butterscotch": -0.036879099456259085,
    "honey": 0.005443206153066621,
    "toffee": -0.007739211622236342,
    "caramel": -0.010064611059907413,
    "vanilla": 0.00039293461233336213,
    "maple syrup": 0.0,
    "orange": -0.010255519025050897,
    "lemon": 0.04116474075985578,
    "coconut": -0.008369512874541235,
    "cherry": -0.04949099447026059,
    "blueberry": 0.0021835449853550987,
    "raspberry": -0.011236748588792063,
    "blackberry": 0.0006413271561436099,
    "peach": -0.01360796752672901,
    "apple": -0.055611993631222684,
    "apricot": -0.015519051514823645,
    "prune": 0.0,
    "raisin": -0.007935719427139996,
    "fig": -0.005634908969979318,
    "jam": -0.008145333340247715,
    "fruit": -0.09527235689633184,
    "rose": -0.009059353978582744,
    "potpurri": 0.0,
    "oak": -0.1047447053949202,
    "pine": -0.020603353970792042,
    "cedar": -0.003650203743168037,
    "almond": -0.01747563966429752,
    "walnut": 0.0073559302961771315,
    "pecan": 0.020668966238695304,
    "nutmeg": 0.08320700233675277
}