{
    "bourbon_name": "Wild Turkey 101",
    "leather": 0.17647058823529413,
    "coffee": 0.01680672268907563,
    "tobacco": 0.13445378151260504,
    "licorice": 0.025210084033613446,
    "mint": 0.14285714285714285,
    "herbal tea": 0.0,
    "clove": 0.07563025210084033,
    "pepper": 0.2773109243697479,
    "cinnamon": 0.5294117647058824,
    "brown sugar": 0.0,
    "chocolate": 0.1092436974789916,
    "baked goods": 0.0,
    "butterscotch": 0.04201680672268908,
    "honey": 0.226890756302521,
    "toffee": 0.13445378151260504,
    "caramel": 0.5126050420168067,
    "vanilla": 0.6218487394957983,
    "maple syrup": 0.0,
    "orange": 0.19327731092436976,
    "lemon": 0.07563025210084033,
    "coconut": 0.008403361344537815,
    "cherry": 0.226890756302521,
    "blueberry": 0.008403361344537815,
    "raspberry": 0.0,
    "blackberry": 0.008403361344537815,
    "peach": 0.01680672268907563,
    "apple": 0.1092436974789916,
    "apricot": 0.01680672268907563,
    "prune": 0.0,
    "raisin": 0.008403361344537815,
    "fig": 0.0,
    "jam": 0.008403361344537815,
    "fruit": 0.16806722689075632,
    "rose": 0.0,
    "potpurri": 0.0,
    "oak": 0.6050420168067226,
    "pine": 0.008403361344537815,
    "cedar": 0.008403361344537815,
    "almond": 0.008403361344537815,
    "walnut": 0.03361344537815126,
    "pecan": 0.03361344537815126,
    "nutmeg": 0.17647058823529413
}