{
    "leather": 0.07244783191713276,
    "coffee": -0.032447506947597765,
    "tobacco": -0.04341440354832782,
    "licorice": -0.01616647336590135,
    "mint": -0.07297935701356682,
    "herbal tea": 0.0,
    "clove": -0.11061817641188758,
    "pepper": -0.1041054667468416,
    "cinnamon": -0.17043267722987399,
    "brown sugar": 0.0,
    "chocolate": -0.0502238575775997,
    "baked goods": 0.0,
    "butterscotch": -0.04663784166281913,
    "honey": -0.12467335660106729,
    "toffee": -0.07767686410258332,
    "caramel": 0.05797550821360853,
    "vanilla": -0.008552579077013345,
    "maple syrup": 0.0,
    "orange": -0.07450057188490453,
    "lemon": -0.03446551134098455,
    "coconut": -0.01677287421907905,
    "cherry": -0.08283336367600741,
    "blueberry": -0.006219816359182716,
    "raspberry": -0.011236748588792063,
    "blackberry": -0.007762034188394205,
    "peach": 0.0018433743003243921,
    "apple": -0.003565368529569124,
    "apricot": -0.032325774203899274,
    "prune": 0.0,
    "raisin": 0.01591898374445122,
    "fig": -0.005634908969979318,
    "jam": -0.01654869468478553,
    "fruit": -0.00527506765805591,
    "rose": -0.009059353978582744,
    "potpurri": 0.0,
    "oak": 0.0966648907015829,
    "pine": 0.0355094137169282,
    "cedar": -0.012053565087705852,
    "almond": -0.025879001008835337,
    "walnut": 0.006000549434154904,
    "pecan": -0.012944479139455954,
    "nutmeg": 0.0035106076498457317
}