{
    "bourbon_name": "Elijah Craig Small Batch",
    "leather": 0.1935483870967742,
    "coffee": 0.03225806451612903,
    "tobacco": 0.06451612903225806,
    "licorice": 0.03225806451612903,
    "mint": 0.03225806451612903,
    "herbal tea": 0.0,
    "clove": 0.0,
    "pepper": 0.0967741935483871,
    "cinnamon": 0.1935483870967742,
    "brown sugar": 0.0,
    "chocolate": 0.12903225806451613,
    "baked goods": 0.0,
    "butterscotch": 0.03225806451612903,
    "honey": 0.0967741935483871,
    "toffee": 0.06451612903225806,
    "caramel": 0.5806451612903226,
    "vanilla": 0.6129032258064516,
    "maple syrup": 0.0,
    "orange": 0.12903225806451613,
    "lemon": 0.0,
    "coconut": 0.0,
    "cherry": 0.1935483870967742,
    "blueberry": 0.0,
    "raspberry": 0.0,
    "blackberry": 0.0,
    "peach": 0.03225806451612903,
    "apple": 0.16129032258064516,
    "apricot": 0.0,
    "prune": 0.0,
    "raisin": 0.03225806451612903,
    "fig": 0.0,
    "jam": 0.0,
    "fruit": 0.25806451612903225,
    "rose": 0.0,
    "potpurri": 0.0,
    "oak": 0.8064516129032258,
    "pine": 0.06451612903225806,
    "cedar": 0.0,
    "almond": 0.0,
    "walnut": 0.03225806451612903,
    "pecan": 0.0,
    "nutmeg": 0.0967741935483871
}