{
    "leather": 0.021756587677501424,
    "coffee": 0.07815157139341605,
    "tobacco": -0.022216246866300166,
    "licorice": -0.019853109310601812,
    "mint": 0.009048292756018428,
    "herbal tea": 0.0,
    "clove": -0.05347531926903044,
    "pepper": -0.05802251743808584,
    "cinnamon": -0.16398106432664816,
    "brown sugar": 0.0,
    "chocolate": 0.24931531292931272,
    "baked goods": 0.0,
    "butterscotch": 0.12110409382105185,
    "honey": 0.03569530699340273,
    "toffee": 0.08637843543658719,
    "caramel": 0.13447320406614305,
    "vanilla": 0.00711562368796359,
    "maple syrup": 0.0,
    "orange": -0.03210425852084922,
    "lemon": 0.02267734580187259,
    "coconut": 0.01179855435234952,
    "cherry": 0.06647539208436126,
    "blueberry": -0.006219816359182716,
    "raspberry": 0.017334679982636506,
    "blackberry": -0.007762034188394205,
    "peach": 0.055299595498481076,
    "apple": 0.06371573746121428,
    "apricot": 0.024817082938957867,
    "prune": 0.0,
    "raisin": -0.01633908077167781,
    "fig": -0.005634908969979318,
    "jam": -0.01654869468478553,
    "fruit": -0.034768155215659596,
    "rose": -0.009059353978582744,
    "potpurri": 0.0,
    "oak": 0.06164184922692861,
    "pine": -0.0004352867439012878,
    "cedar": 0.01651786348372272,
    "almond": 0.0312638561340218,
    "walnut": 0.08802819920374015,
    "pecan": 0.01562694943197262,
    "nutmeg": -0.007549300184255647
}