{
    "bourbon_name": "Woodford Reserve Double Oaked",
    "leather": 0.14285714285714285,
    "coffee": 0.14285714285714285,
    "tobacco": 0.08571428571428572,
    "licorice": 0.02857142857142857,
    "mint": 0.11428571428571428,
    "herbal tea": 0.0,
    "clove": 0.05714285714285714,
    "pepper": 0.14285714285714285,
    "cinnamon": 0.2,
    "brown sugar": 0.0,
    "chocolate": 0.42857142857142855,
    "baked goods": 0.0,
    "butterscotch": 0.2,
    "honey": 0.2571428571428571,
    "toffee": 0.22857142857142856,
    "caramel": 0.6571428571428571,
    "vanilla": 0.6285714285714286,
    "maple syrup": 0.0,
    "orange": 0.17142857142857143,
    "lemon": 0.05714285714285714,
    "coconut": 0.02857142857142857,
    "cherry": 0.34285714285714286,
    "blueberry": 0.0,
    "raspberry": 0.02857142857142857,
    "blackberry": 0.0,
    "peach": 0.08571428571428572,
    "apple": 0.22857142857142856,
    "apricot": 0.05714285714285714,
    "prune": 0.0,
    "raisin": 0.0,
    "fig": 0.0,
    "jam": 0.0,
    "fruit": 0.22857142857142856,
    "rose": 0.0,
    "potpurri": 0.0,
    "oak": 0.7714285714285715,
    "pine": 0.02857142857142857,
    "cedar": 0.02857142857142857,
    "almond": 0.05714285714285714,
    "walnut": 0.11428571428571428,
    "pecan": 0.02857142857142857,
    "nutmeg": 0.08571428571428572
}