{
    "leather": 0.031960669310154496,
    "coffee": -0.04429740819842068,
    "tobacco": 0.16757967150104675,
    "licorice": 0.012799951913887983,
    "mint": 0.017211558062140878,
    "herbal tea": 0.0,
    "clove": 0.042443048077908344,
    "pepper": 0.04401829888844477,
    "cinnamon": 0.06459036424478037,
    "brown sugar": 0.0,
    "chocolate": 0.07584592517421071,
    "baked goods": 0.0,
    "butterscotch": 0.0027367468822763197,
    "honey": -0.017365917496393157,
    "toffee": 0.03127639462026066,
    "caramel": -0.012465571444061019,
    "vanilla": 0.011197256341024864,
    "maple syrup": 0.0,
    "orange": 0.04136512923425281,
    "lemon": 0.016554896822280757,
    "coconut": -0.00656879258642599,
    "cherry": -0.11311644465033263,
    "blueberry": -0.006219816359182716,
    "raspberry": -0.0010326669561390028,
    "blackberry": 0.02285021070956498,
    "peach": 0.00019755468215454375,
    "apple": 0.01881777827754083,
    "apricot": -0.022121692571246215,
    "prune": 0.0,
    "raisin": -0.01633908077167781,
    "fig": -0.005634908969979318,
    "jam": 0.014063550213173653,
    "fruit": -0.008237542970761624,
    "rose": -0.009059353978582744,
    "potpurri": 0.0,
    "oak": -0.03631733444654084,
    "pine": -0.008598552050023738,
    "cedar": 0.01855867981025333,
    "almond": 0.0047332438891238456,
    "walnut": -0.016053433449321065,
    "pecan": -0.012944479139455954,
    "nutmeg": -0.011630932837316879
}