{
    "bourbon_name": "Wild Turkey Rare Breed",
    "leather": 0.15463917525773196,
    "coffee": 0.020618556701030927,
    "tobacco": 0.27835051546391754,
    "licorice": 0.061855670103092786,
    "mint": 0.12371134020618557,
    "herbal tea": 0.0,
    "clove": 0.15463917525773196,
    "pepper": 0.24742268041237114,
    "cinnamon": 0.4329896907216495,
    "brown sugar": 0.0,
    "chocolate": 0.25773195876288657,
    "baked goods": 0.0,
    "butterscotch": 0.08247422680412371,
    "honey": 0.20618556701030927,
    "toffee": 0.17525773195876287,
    "caramel": 0.5154639175257731,
    "vanilla": 0.6288659793814433,
    "maple syrup": 0.0,
    "orange": 0.24742268041237114,
    "lemon": 0.05154639175257732,
    "coconut": 0.010309278350515464,
    "cherry": 0.16494845360824742,
    "blueberry": 0.0,
    "raspberry": 0.010309278350515464,
    "blackberry": 0.030927835051546393,
    "peach": 0.030927835051546393,
    "apple": 0.18556701030927836,
    "apricot": 0.010309278350515464,
    "prune": 0.0,
    "raisin": 0.0,
    "fig": 0.0,
    "jam": 0.030927835051546393,
    "fruit": 0.24742268041237114,
    "rose": 0.0,
    "potpurri": 0.0,
    "oak": 0.6804123711340206,
    "pine": 0.020618556701030927,
    "cedar": 0.030927835051546393,
    "almond": 0.030927835051546393,
    "walnut": 0.010309278350515464,
    "pecan": 0.0,
    "nutmeg": 0.08247422680412371
}