{
    "bourbon_name": "Wild Turkey Rare Breed",
    "leather": 0.15306122448979592,
    "coffee": 0.02040816326530612,
    "tobacco": 0.2755102040816326,
    "licorice": 0.061224489795918366,
    "mint": 0.12244897959183673,
    "herbal tea": 0.0,
    "clove": 0.15306122448979592,
    "pepper": 0.24489795918367346,
    "cinnamon": 0.42857142857142855,
    "brown sugar": 0.0,
    "chocolate": 0.25510204081632654,
    "baked goods": 0.0,
    "butterscotch": 0.08163265306122448,
    "honey": 0.20408163265306123,
    "toffee": 0.17346938775510204,
    "caramel": 0.5102040816326531,
    "vanilla": 0.6326530612244898,
    "maple syrup": 0.0,
    "orange": 0.24489795918367346,
    "lemon": 0.05102040816326531,
    "coconut": 0.01020408163265306,
    "cherry": 0.16326530612244897,
    "blueberry": 0.0,
    "raspberry": 0.01020408163265306,
    "blackberry": 0.030612244897959183,
    "peach": 0.030612244897959183,
    "apple": 0.1836734693877551,
    "apricot": 0.01020408163265306,
    "prune": 0.0,
    "raisin": 0.0,
    "fig": 0.0,
    "jam": 0.030612244897959183,
    "fruit": 0.25510204081632654,
    "rose": 0.0,
    "potpurri": 0.0,
    "oak": 0.673469387755102,
    "pine": 0.02040816326530612,
    "cedar": 0.030612244897959183,
    "almond": 0.030612244897959183,
    "walnut": 0.01020408163265306,
    "pecan": 0.0,
    "nutmeg": 0.08163265306122448
}