{
    "leather": -0.00998944406853032,
    "coffee": 0.009368502610347273,
    "tobacco": 0.0772546526045993,
    "licorice": -0.011387500844993348,
    "mint": 0.005873689581415251,
    "herbal tea": 0.0,
    "clove": 0.0004929346992235267,
    "pepper": -0.05273151214708055,
    "cinnamon": -0.0676847680303519,
    "brown sugar": 0.0,
    "chocolate": -0.06814500453100472,
    "baked goods": 0.0,
    "butterscotch": -0.04185886914191113,
    "honey": 0.11188578318387893,
    "toffee": 0.1541033031614549,
    "caramel": 0.14399701358995254,
    "vanilla": -0.06590024932790939,
    "maple syrup": 0.0,
    "orange": 0.05572642930983859,
    "lemon": -0.03446551134098455,
    "coconut": -0.01677287421907905,
    "cherry": 0.05695158256055172,
    "blueberry": -0.006219816359182716,
    "raspberry": -0.011236748588792063,
    "blackberry": -0.007762034188394205,
    "peach": -0.03041469021580464,
    "apple": 0.09440356814904496,
    "apricot": 0.041748299870174796,
    "prune": 0.0,
    "raisin": 0.020697956265359224,
    "fig": 0.031402128067057715,
    "jam": 0.020488342352251505,
    "fruit": 0.03295671250920812,
    "rose": -0.009059353978582744,
    "potpurri": 0.0,
    "oak": -0.00608301849793913,
    "pine": -0.02900671531532986,
    "cedar": -0.012053565087705852,
    "almond": 0.011158036028201698,
    "walnut": 0.010779521955062907,
    "pecan": -0.012944479139455954,
    "nutmeg": -0.019189511824467292
}