{
    "bourbon_name": "Blanton's Gold",
    "leather": 0.1111111111111111,
    "coffee": 0.07407407407407407,
    "tobacco": 0.18518518518518517,
    "licorice": 0.037037037037037035,
    "mint": 0.1111111111111111,
    "herbal tea": 0.0,
    "clove": 0.1111111111111111,
    "pepper": 0.14814814814814814,
    "cinnamon": 0.2962962962962963,
    "brown sugar": 0.0,
    "chocolate": 0.1111111111111111,
    "baked goods": 0.0,
    "butterscotch": 0.037037037037037035,
    "honey": 0.3333333333333333,
    "toffee": 0.2962962962962963,
    "caramel": 0.6666666666666666,
    "vanilla": 0.5555555555555556,
    "maple syrup": 0.0,
    "orange": 0.25925925925925924,
    "lemon": 0.0,
    "coconut": 0.0,
    "cherry": 0.3333333333333333,
    "blueberry": 0.0,
    "raspberry": 0.0,
    "blackberry": 0.0,
    "peach": 0.0,
    "apple": 0.25925925925925924,
    "apricot": 0.07407407407407407,
    "prune": 0.0,
    "raisin": 0.037037037037037035,
    "fig": 0.037037037037037035,
    "jam": 0.037037037037037035,
    "fruit": 0.2962962962962963,
    "rose": 0.0,
    "potpurri": 0.0,
    "oak": 0.7037037037037037,
    "pine": 0.0,
    "cedar": 0.0,
    "almond": 0.037037037037037035,
    "walnut": 0.037037037037037035,
    "pecan": 0.0,
    "nutmeg": 0.07407407407407407
}