{
    "leather": 0.012232778153691906,
    "coffee": 0.0019610952029398693,
    "tobacco": -0.07459719924725255,
    "licorice": 0.15157546211796963,
    "mint": 0.028095911803637477,
    "herbal tea": 0.0,
    "clove": 0.15604849025477907,
    "pepper": 0.06578700637143797,
    "cinnamon": 0.06935226900668517,
    "brown sugar": 0.0,
    "chocolate": -0.012589448975449169,
    "baked goods": 0.0,
    "butterscotch": -0.04556257284561483,
    "honey": 0.14521911651721225,
    "toffee": -0.04219299313484137,
    "caramel": -0.2226696530767141,
    "vanilla": 0.07854419511653499,
    "maple syrup": 0.0,
    "orange": 0.06313383671724601,
    "lemon": 0.032201155325682115,
    "coconut": 0.016560459114254283,
    "cherry": -0.04304841743944826,
    "blueberry": -0.006219816359182716,
    "raspberry": -0.011236748588792063,
    "blackberry": -0.007762034188394205,
    "peach": 0.06958530978419536,
    "apple": 0.03514430888978573,
    "apricot": 0.03434089246276739,
    "prune": 0.0,
    "raisin": -0.01633908077167781,
    "fig": -0.005634908969979318,
    "jam": -0.01654869468478553,
    "fruit": 0.03666041621291183,
    "rose": 0.02427397935475059,
    "potpurri": 0.0,
    "oak": 0.02354661113169043,
    "pine": -0.02900671531532986,
    "cedar": -0.012053565087705852,
    "almond": -0.025879001008835337,
    "walnut": -0.026257515081974128,
    "pecan": 0.020388854193877377,
    "nutmeg": -0.05993025256520803
}