{
    "bourbon_name": "Four Roses Yellow Label",
    "leather": 0.13333333333333333,
    "coffee": 0.06666666666666667,
    "tobacco": 0.03333333333333333,
    "licorice": 0.2,
    "mint": 0.13333333333333333,
    "herbal tea": 0.0,
    "clove": 0.26666666666666666,
    "pepper": 0.26666666666666666,
    "cinnamon": 0.43333333333333335,
    "brown sugar": 0.0,
    "chocolate": 0.16666666666666666,
    "baked goods": 0.0,
    "butterscotch": 0.03333333333333333,
    "honey": 0.36666666666666664,
    "toffee": 0.1,
    "caramel": 0.3,
    "vanilla": 0.7,
    "maple syrup": 0.0,
    "orange": 0.26666666666666666,
    "lemon": 0.06666666666666667,
    "coconut": 0.03333333333333333,
    "cherry": 0.23333333333333334,
    "blueberry": 0.0,
    "raspberry": 0.0,
    "blackberry": 0.0,
    "peach": 0.1,
    "apple": 0.2,
    "apricot": 0.06666666666666667,
    "prune": 0.0,
    "raisin": 0.0,
    "fig": 0.0,
    "jam": 0.0,
    "fruit": 0.3,
    "rose": 0.03333333333333333,
    "potpurri": 0.0,
    "oak": 0.7333333333333333,
    "pine": 0.0,
    "cedar": 0.0,
    "almond": 0.0,
    "walnut": 0.0,
    "pecan": 0.03333333333333333,
    "nutmeg": 0.03333333333333333
}