{
    "leather": 0.027047592968506715,
    "coffee": 0.00010924335108801475,
    "tobacco": 0.012439837789784483,
    "licorice": -0.020646760104252607,
    "mint": -0.012644828937103267,
    "herbal tea": 0.0,
    "clove": 0.019011453217742044,
    "pepper": 0.030601821186252792,
    "cinnamon": -0.07694402728961114,
    "brown sugar": 0.0,
    "chocolate": -0.08666352304952324,
    "baked goods": 0.0,
    "butterscotch": -0.014081091364133352,
    "honey": 0.04707096836906416,
    "toffee": -0.0033041042459524828,
    "caramel": 0.04214516173810068,
    "vanilla": -0.0381224715501316,
    "maple syrup": 0.0,
    "orange": 0.009430133013542313,
    "lemon": -0.006687733563206774,
    "coconut": -0.007513614959819791,
    "cherry": 0.03843306404203323,
    "blueberry": 0.0030394429000765427,
    "raspberry": -0.0019774893295328045,
    "blackberry": 0.0014972250708650539,
    "peach": 0.015881606080491655,
    "apple": 0.0666257903712672,
    "apricot": 0.004711262833137761,
    "prune": 0.0,
    "raisin": -0.01633908077167781,
    "fig": -0.005634908969979318,
    "jam": -0.007289435425526271,
    "fruit": -0.04111736156486595,
    "rose": 0.009459164539935774,
    "potpurri": 0.0,
    "oak": -0.00608301849793913,
    "pine": -0.01048819679681134,
    "cedar": -0.002794305828446593,
    "almond": 0.029676554546720215,
    "walnut": 0.0015202626958036487,
    "pecan": 0.02409255789758108,
    "nutmeg": 0.017847525212569743
}