{
    "bourbon_name": "Blanton's Original Single Barrel",
    "leather": 0.14814814814814814,
    "coffee": 0.06481481481481481,
    "tobacco": 0.12037037037037036,
    "licorice": 0.027777777777777776,
    "mint": 0.09259259259259259,
    "herbal tea": 0.0,
    "clove": 0.12962962962962962,
    "pepper": 0.23148148148148148,
    "cinnamon": 0.28703703703703703,
    "brown sugar": 0.0,
    "chocolate": 0.09259259259259259,
    "baked goods": 0.0,
    "butterscotch": 0.06481481481481481,
    "honey": 0.26851851851851855,
    "toffee": 0.1388888888888889,
    "caramel": 0.5648148148148148,
    "vanilla": 0.5833333333333334,
    "maple syrup": 0.0,
    "orange": 0.21296296296296297,
    "lemon": 0.027777777777777776,
    "coconut": 0.009259259259259259,
    "cherry": 0.3148148148148148,
    "blueberry": 0.009259259259259259,
    "raspberry": 0.009259259259259259,
    "blackberry": 0.009259259259259259,
    "peach": 0.046296296296296294,
    "apple": 0.23148148148148148,
    "apricot": 0.037037037037037035,
    "prune": 0.0,
    "raisin": 0.0,
    "fig": 0.0,
    "jam": 0.009259259259259259,
    "fruit": 0.2222222222222222,
    "rose": 0.018518518518518517,
    "potpurri": 0.0,
    "oak": 0.7037037037037037,
    "pine": 0.018518518518518517,
    "cedar": 0.009259259259259259,
    "almond": 0.05555555555555555,
    "walnut": 0.027777777777777776,
    "pecan": 0.037037037037037035,
    "nutmeg": 0.1111111111111111
}