{
    "leather": 0.168141592920354,
    "coffee": 0.07079646017699115,
    "tobacco": 0.13274336283185842,
    "licorice": 0.04424778761061947,
    "mint": 0.1504424778761062,
    "herbal tea": 0.0,
    "clove": 0.22123893805309736,
    "pepper": 0.2920353982300885,
    "cinnamon": 0.5398230088495575,
    "brown sugar": 0.0,
    "chocolate": 0.1504424778761062,
    "baked goods": 0.0,
    "butterscotch": 0.061946902654867256,
    "honey": 0.415929203539823,
    "toffee": 0.23893805309734514,
    "caramel": 1.0884955752212389,
    "vanilla": 1.4336283185840708,
    "maple syrup": 0.0,
    "orange": 0.3893805309734513,
    "lemon": 0.035398230088495575,
    "coconut": 0.017699115044247787,
    "cherry": 0.6902654867256637,
    "blueberry": 0.008849557522123894,
    "raspberry": 0.017699115044247787,
    "blackberry": 0.008849557522123894,
    "peach": 0.061946902654867256,
    "apple": 0.35398230088495575,
    "apricot": 0.04424778761061947,
    "prune": 0.0,
    "raisin": 0.0,
    "fig": 0.0,
    "jam": 0.008849557522123894,
    "fruit": 0.3008849557522124,
    "rose": 0.017699115044247787,
    "potpurri": 0.0,
    "oak": 1.7876106194690264,
    "pine": 0.02654867256637168,
    "cedar": 0.017699115044247787,
    "almond": 0.07079646017699115,
    "walnut": 0.035398230088495575,
    "pecan": 0.04424778761061947,
    "nutmeg": 0.13274336283185842
}