{
    "leather": -0.07665611073519699,
    "coffee": 0.0019610952029398693,
    "tobacco": -0.041263865913919215,
    "licorice": -0.04842453788203038,
    "mint": -0.03857075486302919,
    "herbal tea": 0.0,
    "clove": 0.022715156921445753,
    "pepper": -0.04532410473967313,
    "cinnamon": 0.1471300467844629,
    "brown sugar": 0.0,
    "chocolate": -0.02370056008656027,
    "baked goods": 0.0,
    "butterscotch": 0.009992982709940729,
    "honey": 0.04521911651721228,
    "toffee": -0.008859659801508046,
    "caramel": 0.05510812470106363,
    "vanilla": 0.08965530622764617,
    "maple syrup": 0.0,
    "orange": -0.025755052171642867,
    "lemon": -0.012243289118762327,
    "coconut": 0.005449348003143173,
    "cherry": 0.012507138116107264,
    "blueberry": 0.03822462808526173,
    "raspberry": 0.01098547363343016,
    "blackberry": -0.007762034188394205,
    "peach": -0.008192467993582416,
    "apple": -0.03152235777688095,
    "apricot": -0.010103551981677051,
    "prune": 0.0,
    "raisin": 0.005883141450544412,
    "fig": -0.005634908969979318,
    "jam": 0.0056735275374366935,
    "fruit": 0.0255493051018007,
    "rose": -0.009059353978582744,
    "potpurri": 0.0,
    "oak": 0.06799105557613494,
    "pine": 0.015437729129114588,
    "cedar": 0.010168657134516371,
    "almond": -0.0036567787866131143,
    "walnut": -0.026257515081974128,
    "pecan": -0.012944479139455954,
    "nutmeg": -0.07104136367631914
}