{
    "bourbon_name": "Maker's Mark 46",
    "leather": 0.044444444444444446,
    "coffee": 0.06666666666666667,
    "tobacco": 0.06666666666666667,
    "licorice": 0.0,
    "mint": 0.06666666666666667,
    "herbal tea": 0.0,
    "clove": 0.13333333333333333,
    "pepper": 0.15555555555555556,
    "cinnamon": 0.5111111111111111,
    "brown sugar": 0.0,
    "chocolate": 0.15555555555555556,
    "baked goods": 0.0,
    "butterscotch": 0.08888888888888889,
    "honey": 0.26666666666666666,
    "toffee": 0.13333333333333333,
    "caramel": 0.5777777777777777,
    "vanilla": 0.7111111111111111,
    "maple syrup": 0.0,
    "orange": 0.17777777777777778,
    "lemon": 0.022222222222222223,
    "coconut": 0.022222222222222223,
    "cherry": 0.28888888888888886,
    "blueberry": 0.044444444444444446,
    "raspberry": 0.022222222222222223,
    "blackberry": 0.0,
    "peach": 0.022222222222222223,
    "apple": 0.13333333333333333,
    "apricot": 0.022222222222222223,
    "prune": 0.0,
    "raisin": 0.022222222222222223,
    "fig": 0.0,
    "jam": 0.022222222222222223,
    "fruit": 0.28888888888888886,
    "rose": 0.0,
    "potpurri": 0.0,
    "oak": 0.7777777777777778,
    "pine": 0.044444444444444446,
    "cedar": 0.022222222222222223,
    "almond": 0.022222222222222223,
    "walnut": 0.0,
    "pecan": 0.0,
    "nutmeg": 0.022222222222222223
}