{
    "leather": -0.07348150756059381,
    "coffee": -0.01708652384467918,
    "tobacco": -0.060311484961538264,
    "licorice": -0.0008054902629827665,
    "mint": -0.10523742152969585,
    "herbal tea": 0.0,
    "clove": 0.03223896644525527,
    "pepper": -0.05802251743808584,
    "cinnamon": 0.016971316625732757,
    "brown sugar": 0.0,
    "chocolate": -0.0840180204040206,
    "baked goods": 0.0,
    "butterscotch": -0.03127685855990055,
    "honey": -0.12620945491135915,
    "toffee": -0.046954897896746145,
    "caramel": 0.048758918351857305,
    "vanilla": -0.1452653286929888,
    "maple syrup": 0.0,
    "orange": -0.10829473471132542,
    "lemon": -0.03446551134098455,
    "coconut": -0.01677287421907905,
    "cherry": 0.0093325349415041,
    "blueberry": -0.006219816359182716,
    "raspberry": -0.011236748588792063,
    "blackberry": -0.007762034188394205,
    "peach": -0.03041469021580464,
    "apple": -0.11723664349116666,
    "apricot": -0.032325774203899274,
    "prune": 0.0,
    "raisin": 0.031279966847369806,
    "fig": -0.005634908969979318,
    "jam": -0.01654869468478553,
    "fruit": -0.02524434569185008,
    "rose": -0.009059353978582744,
    "potpurri": 0.0,
    "oak": 0.0044989920840714515,
    "pine": 0.018612332303717758,
    "cedar": -0.012053565087705852,
    "almond": -0.025879001008835337,
    "walnut": 0.02136153253707349,
    "pecan": -0.012944479139455954,
    "nutmeg": -0.09326358589854136
}