{
    "bourbon_name": "1792 Small Batch",
    "leather": 0.047619047619047616,
    "coffee": 0.047619047619047616,
    "tobacco": 0.047619047619047616,
    "licorice": 0.047619047619047616,
    "mint": 0.0,
    "herbal tea": 0.0,
    "clove": 0.14285714285714285,
    "pepper": 0.14285714285714285,
    "cinnamon": 0.38095238095238093,
    "brown sugar": 0.0,
    "chocolate": 0.09523809523809523,
    "baked goods": 0.0,
    "butterscotch": 0.047619047619047616,
    "honey": 0.09523809523809523,
    "toffee": 0.09523809523809523,
    "caramel": 0.5714285714285714,
    "vanilla": 0.47619047619047616,
    "maple syrup": 0.0,
    "orange": 0.09523809523809523,
    "lemon": 0.0,
    "coconut": 0.0,
    "cherry": 0.2857142857142857,
    "blueberry": 0.0,
    "raspberry": 0.0,
    "blackberry": 0.0,
    "peach": 0.0,
    "apple": 0.047619047619047616,
    "apricot": 0.0,
    "prune": 0.0,
    "raisin": 0.047619047619047616,
    "fig": 0.0,
    "jam": 0.0,
    "fruit": 0.23809523809523808,
    "rose": 0.0,
    "potpurri": 0.0,
    "oak": 0.7142857142857143,
    "pine": 0.047619047619047616,
    "cedar": 0.0,
    "almond": 0.0,
    "walnut": 0.047619047619047616,
    "pecan": 0.0,
    "nutmeg": 0.0
}