{
    "leather": 0.12110055517964143,
    "coffee": 0.0647055714637268,
    "tobacco": 0.10793053258058588,
    "licorice": 0.04842453788203038,
    "mint": 0.10523742152969585,
    "herbal tea": 0.0,
    "clove": 0.11061817641188758,
    "pepper": 0.2008796602952287,
    "cinnamon": 0.3639810643266482,
    "brown sugar": 0.0,
    "chocolate": 0.17925611564211583,
    "baked goods": 0.0,
    "butterscotch": 0.07889590617894816,
    "honey": 0.2214475501494544,
    "toffee": 0.14219299313484138,
    "caramel": 0.5226696530767141,
    "vanilla": 0.621455804883465,
    "maple syrup": 0.0,
    "orange": 0.20353282994942065,
    "lemon": 0.03446551134098455,
    "coconut": 0.01677287421907905,
    "cherry": 0.2763817507727816,
    "blueberry": 0.006219816359182716,
    "raspberry": 0.011236748588792063,
    "blackberry": 0.007762034188394205,
    "peach": 0.03041469021580464,
    "apple": 0.16485569111021428,
    "apricot": 0.032325774203899274,
    "prune": 0.0,
    "raisin": 0.01633908077167781,
    "fig": 0.005634908969979318,
    "jam": 0.01654869468478553,
    "fruit": 0.26333958378708816,
    "rose": 0.009059353978582744,
    "potpurri": 0.0,
    "oak": 0.7097867222016429,
    "pine": 0.02900671531532986,
    "cedar": 0.012053565087705852,
    "almond": 0.025879001008835337,
    "walnut": 0.026257515081974128,
    "pecan": 0.012944479139455954,
    "nutmeg": 0.09326358589854136
}